X, Y, Pressure, TiltX, TiltY, Time
715.728837048158,623.043769488394,0.107164107263088,-3855,1238,00:01.0556132
722.048273472687,624.834276475344,0.112779431045055,-3855,1238,00:01.0857647
Time Elapsed till drawing started: 00:01.0413253
Time Elapsed till drawing submit: 00:01.0858419
Memorization Time: 00:01.0413253
