X, Y, Pressure, TiltX, TiltY, Time
763.3725,420.406666666667,0.714599609375,11434,10865,00:00.0312505
763.515,420.786666666667,0.667724609375,11434,10865,00:00.0312505
Time Elapsed till drawing started: 24:04.9745882
Time Elapsed till drawing submit: 00:05.5818416
Memorization Time: 00:04.8806090
